Brand,Model,Case Material,Strap Material,Crystal Material,Points,Img
Audemars Piguet,Navitimer,Stainless Steel,Stainless Steel,Sapphire,"7900",https://carreracollection.com/wp-content/uploads/2024/07/Relojes-Audemars-Piguet.jpg
Audemars Piguet,Tank Solo,Stainless Steel,Leather,Sapphire,"2800",https://carreracollection.com/wp-content/uploads/2024/07/Relojes-Audemars-Piguet.jpg
Audemars Piguet,Reverso,Stainless Steel,Leather,Sapphire,"5500",https://carreracollection.com/wp-content/uploads/2024/07/Relojes-Audemars-Piguet.jpg
Audemars Piguet,Prospex,Stainless Steel,Rubber,Sapphire,"1400",https://carreracollection.com/wp-content/uploads/2024/07/Relojes-Audemars-Piguet.jpg
Audemars Piguet,Promaster,Stainless Steel,Stainless Steel,Mineral,"1200",https://carreracollection.com/wp-content/uploads/2024/07/Relojes-Audemars-Piguet.jpg
Audemars Piguet,Le Locle,Stainless Steel,Leather,Sapphire,65000,https://carreracollection.com/wp-content/uploads/2024/07/Relojes-Audemars-Piguet.jpg
Audemars Piguet,Khaki Field,Stainless Steel,Leather,Sapphire,49500,https://carreracollection.com/wp-content/uploads/2024/07/Relojes-Audemars-Piguet.jpg
Audemars Piguet,Master Collection,Stainless Steel,Leather,Sapphire,"11500",https://carreracollection.com/wp-content/uploads/2024/07/Relojes-Audemars-Piguet.jpg
Audemars Piguet,Big Crown ProPilot,Stainless Steel,Textile,Sapphire,"1800",https://carreracollection.com/wp-content/uploads/2024/07/Relojes-Audemars-Piguet.jpg
Audemars Piguet,Aviation,Stainless Steel,Rubber,Sapphire,"4500",https://carreracollection.com/wp-content/uploads/2024/07/Relojes-Audemars-Piguet.jpg
Audemars Piguet,104,Stainless Steel,Leather,Sapphire,"1400",https://carreracollection.com/wp-content/uploads/2024/07/Relojes-Audemars-Piguet.jpg
Audemars Piguet,Classique,18k White Gold,Leather,Sapphire,16000,https://carreracollection.com/wp-content/uploads/2024/07/Relojes-Audemars-Piguet.jpg
Audemars Piguet,Royal Oak,Stainless Steel,Stainless Steel,Sapphire,22000,https://carreracollection.com/wp-content/uploads/2024/07/Relojes-Audemars-Piguet.jpg
Audemars Piguet,Overseas,Stainless Steel,Rubber,Sapphire,19000,https://carreracollection.com/wp-content/uploads/2024/07/Relojes-Audemars-Piguet.jpg
Audemars Piguet,Speedmaster,Stainless Steel,Stainless Steel,Sapphire,"4500",https://carreracollection.com/wp-content/uploads/2024/07/Relojes-Audemars-Piguet.jpg
Audemars Piguet,Superocean,Stainless Steel,Rubber,Sapphire,"3200",https://carreracollection.com/wp-content/uploads/2024/07/Relojes-Audemars-Piguet.jpg
Audemars Piguet,Luminor Base Logo,Stainless Steel,Leather,Sapphire,"3900",https://carreracollection.com/wp-content/uploads/2024/07/Relojes-Audemars-Piguet.jpg
Audemars Piguet,Black Bay,Stainless Steel,Leather,Sapphire,"3500",https://carreracollection.com/wp-content/uploads/2024/07/Relojes-Audemars-Piguet.jpg
Audemars Piguet,GMT-Master II,Stainless Steel,Stainless Steel,Sapphire,14000,https://carreracollection.com/wp-content/uploads/2024/07/Relojes-Audemars-Piguet.jpg
Blancpain,Classic Fusion,Titanium,Rubber,Sapphire,"6500",https://1000logos.net/wp-content/uploads/2018/10/watch-brand-Blancpain.jpg
Blancpain,Portugieser,Stainless Steel,Leather,Sapphire,"8400",https://1000logos.net/wp-content/uploads/2018/10/watch-brand-Blancpain.jpg
Blancpain,Grande Seconde,Stainless Steel,Leather,Sapphire,"6200",https://1000logos.net/wp-content/uploads/2018/10/watch-brand-Blancpain.jpg
Blancpain,Master Collection,Stainless Steel,Leather,Sapphire,"1600",https://1000logos.net/wp-content/uploads/2018/10/watch-brand-Blancpain.jpg
Blancpain,Nautilus,Stainless Steel,Stainless Steel,Sapphire,"29800",https://1000logos.net/wp-content/uploads/2018/10/watch-brand-Blancpain.jpg
Blancpain,Royal Oak,Stainless Steel,Stainless Steel,Sapphire,"24500",https://1000logos.net/wp-content/uploads/2018/10/watch-brand-Blancpain.jpg
Blancpain,Portugieser,Stainless Steel,Leather,Sapphire,"79500",https://1000logos.net/wp-content/uploads/2018/10/watch-brand-Blancpain.jpg
Blancpain,Classic Fusion,Titanium,Rubber,Sapphire,"8200",https://1000logos.net/wp-content/uploads/2018/10/watch-brand-Blancpain.jpg
Blancpain,Fifty Fathoms,Stainless Steel,Canvas,Sapphire,"11500",https://1000logos.net/wp-content/uploads/2018/10/watch-brand-Blancpain.jpg
Blancpain,Chronomaster,Stainless Steel,Leather,Sapphire,"9400",https://1000logos.net/wp-content/uploads/2018/10/watch-brand-Blancpain.jpg
Blancpain,Laureato,Stainless Steel,Stainless Steel,Sapphire,"6700",https://1000logos.net/wp-content/uploads/2018/10/watch-brand-Blancpain.jpg
Blancpain,Mille Miglia,Stainless Steel,Leather,Sapphire,"6100",https://1000logos.net/wp-content/uploads/2018/10/watch-brand-Blancpain.jpg
Blancpain,Overseas,Stainless Steel,Stainless Steel,Sapphire,"16300",https://1000logos.net/wp-content/uploads/2018/10/watch-brand-Blancpain.jpg
Blancpain,1858,Stainless Steel,Leather,Sapphire,"3600",https://1000logos.net/wp-content/uploads/2018/10/watch-brand-Blancpain.jpg
Blancpain,Marine,Stainless Steel,Rubber,Sapphire,"9500",https://1000logos.net/wp-content/uploads/2018/10/watch-brand-Blancpain.jpg
Blancpain,Datejust,Stainless Steel,Stainless Steel,Sapphire,"8900",https://1000logos.net/wp-content/uploads/2018/10/watch-brand-Blancpain.jpg
Breguet,Luminor,Titanium,Rubber,Sapphire,9600,https://1000logos.net/wp-content/uploads/2018/10/Breguet-watch.jpg
Breguet,Type XX,Stainless Steel,Leather,Sapphire,8800,https://1000logos.net/wp-content/uploads/2018/10/Breguet-watch.jpg
Breguet,Fifty Fathoms,Stainless Steel,Rubber,Sapphire,14700,https://1000logos.net/wp-content/uploads/2018/10/Breguet-watch.jpg
Breguet,Laureato,Stainless Steel,Stainless Steel,Sapphire,10600,https://1000logos.net/wp-content/uploads/2018/10/Breguet-watch.jpg
Breguet,Overseas,Stainless Steel,Stainless Steel,Sapphire,19200,https://1000logos.net/wp-content/uploads/2018/10/Breguet-watch.jpg
Breguet,El Primero,Stainless Steel,Leather,Sapphire,7500,https://1000logos.net/wp-content/uploads/2018/10/Breguet-watch.jpg
Breguet,Mille Miglia,Stainless Steel,Leather,Sapphire,5600,https://1000logos.net/wp-content/uploads/2018/10/Breguet-watch.jpg
Breguet,HydroConquest,Stainless Steel,Stainless Steel,Sapphire,1400,https://1000logos.net/wp-content/uploads/2018/10/Breguet-watch.jpg
Breguet,Submariner,Stainless Steel,Stainless Steel,Sapphire,9500,https://1000logos.net/wp-content/uploads/2018/10/Breguet-watch.jpg
Breguet,Seamaster,Titanium,Rubber,Sapphire,5800,https://1000logos.net/wp-content/uploads/2018/10/Breguet-watch.jpg,
Breguet,Carrera,Stainless Steel,Leather,Sapphire,4200,https://1000logos.net/wp-content/uploads/2018/10/Breguet-watch.jpg
Breguet,Navitimer,Stainless Steel,Stainless Steel,Sapphire,7900,https://1000logos.net/wp-content/uploads/2018/10/Breguet-watch.jpg
Breguet,Tank Solo,Stainless Steel,Leather,Sapphire,2800,https://1000logos.net/wp-content/uploads/2018/10/Breguet-watch.jpg
Breguet,Reverso,Stainless Steel,Leather,Sapphire,5500,https://1000logos.net/wp-content/uploads/2018/10/Breguet-watch.jpg
Breguet,Black Bay,Stainless Steel,Leather,Sapphire,3500,https://1000logos.net/wp-content/uploads/2018/10/Breguet-watch.jpg
Breguet,Prospex,Stainless Steel,Silicone,Hardlex,650000,https://1000logos.net/wp-content/uploads/2018/10/Breguet-watch.jpg
Breguet,Promaster,Titanium,Titanium,Sapphire,995000,https://1000logos.net/wp-content/uploads/2018/10/Breguet-watch.jpg
Breguet,Khaki Field Auto,Stainless Steel,Leather,Sapphire,545000,https://1000logos.net/wp-content/uploads/2018/10/Breguet-watch.jpg
Breguet,Precisionist,Stainless Steel,Stainless Steel,Mineral,650000,https://1000logos.net/wp-content/uploads/2018/10/Breguet-watch.jpg
Breguet,Speedmaster,Stainless Steel,Stainless Steel,Hesalite,5500,https://1000logos.net/wp-content/uploads/2018/10/Breguet-watch.jpg
Cartier,Nautilus,Stainless Steel,Stainless Steel,Sapphire,47000,https://dynl.mktgcdn.com/p/t3TiYtZFjF4FTSJDk5TqFFksnW8HnVF0yZLJTh24v_Y/800x800.png
Cartier,Classique,18K Rose Gold,Leather,Sapphire,19000,https://dynl.mktgcdn.com/p/t3TiYtZFjF4FTSJDk5TqFFksnW8HnVF0yZLJTh24v_Y/800x800.png
Cartier,Patrimony,18K White Gold,Leather,Sapphire,18500,https://dynl.mktgcdn.com/p/t3TiYtZFjF4FTSJDk5TqFFksnW8HnVF0yZLJTh24v_Y/800x800.png
Cartier,Mille Miglia,Stainless Steel,Leather,Sapphire,5800,https://dynl.mktgcdn.com/p/t3TiYtZFjF4FTSJDk5TqFFksnW8HnVF0yZLJTh24v_Y/800x800.png
Cartier,Conquest,Stainless Steel,Stainless Steel,Sapphire,2200,https://dynl.mktgcdn.com/p/t3TiYtZFjF4FTSJDk5TqFFksnW8HnVF0yZLJTh24v_Y/800x800.png
Cartier,1858,Stainless Steel,Leather,Sapphire,3500,https://dynl.mktgcdn.com/p/t3TiYtZFjF4FTSJDk5TqFFksnW8HnVF0yZLJTh24v_Y/800x800.png
Cartier,GMT-Master II,Stainless Steel,Stainless Steel,Sapphire,99500,https://dynl.mktgcdn.com/p/t3TiYtZFjF4FTSJDk5TqFFksnW8HnVF0yZLJTh24v_Y/800x800.png
Cartier,Speedmaster,Stainless Steel,Stainless Steel,Hesalite,4950,https://dynl.mktgcdn.com/p/t3TiYtZFjF4FTSJDk5TqFFksnW8HnVF0yZLJTh24v_Y/800x800.png
Cartier,Nautilus,Stainless Steel,Stainless Steel,Sapphire,38000,https://dynl.mktgcdn.com/p/t3TiYtZFjF4FTSJDk5TqFFksnW8HnVF0yZLJTh24v_Y/800x800.png
Cartier,Royal Oak,Stainless Steel,Stainless Steel,Sapphire,22000,https://dynl.mktgcdn.com/p/t3TiYtZFjF4FTSJDk5TqFFksnW8HnVF0yZLJTh24v_Y/800x800.png
Girard-Perregaux,Laureato,Stainless Steel,Stainless Steel,Sapphire,9200,https://1000logos.net/wp-content/uploads/2018/10/Girard-Perregaux-emblem.jpg
Girard-Perregaux,Luminor,Stainless Steel,Leather,Sapphire,7500,https://1000logos.net/wp-content/uploads/2018/10/Girard-Perregaux-emblem.jpg
Girard-Perregaux,Prospex,Stainless Steel,Silicone,Hardlex,1300,https://1000logos.net/wp-content/uploads/2018/10/Girard-Perregaux-emblem.jpg
Girard-Perregaux,Le Locle,Stainless Steel,Leather,Sapphire,650000,https://1000logos.net/wp-content/uploads/2018/10/Girard-Perregaux-emblem.jpg
Girard-Perregaux,Master Collection,Stainless Steel,Leather,Sapphire,2500,https://1000logos.net/wp-content/uploads/2018/10/Girard-Perregaux-emblem.jpg
Girard-Perregaux,Jazzmaster,Stainless Steel,Leather,Sapphire,1150,https://1000logos.net/wp-content/uploads/2018/10/Girard-Perregaux-emblem.jpg
Girard-Perregaux,Heritage,Stainless Steel,Leather,Sapphire,2750,https://1000logos.net/wp-content/uploads/2018/10/Girard-Perregaux-emblem.jpg
Girard-Perregaux,True Thinline,High-Tech Ceramic,Leather,Sapphire,1600,https://1000logos.net/wp-content/uploads/2018/10/Girard-Perregaux-emblem.jpg
Girard-Perregaux,Classics,Stainless Steel,Leather,Sapphire,1400,https://1000logos.net/wp-content/uploads/2018/10/Girard-Perregaux-emblem.jpg
IWC,Royal Oak,Stainless Steel,Stainless Steel,Sapphire,20900,https://static.vecteezy.com/system/resources/previews/019/006/431/original/iwc-abstract-technology-logo-design-on-white-background-iwc-creative-initials-letter-logo-concept-vector.jpg
IWC,Datejust,Stainless Steel,Jubilee Bracelet,Sapphire,"8,9",https://static.vecteezy.com/system/resources/previews/019/006/431/original/iwc-abstract-technology-logo-design-on-white-background-iwc-creative-initials-letter-logo-concept-vector.jpg
IWC,Speedmaster,Stainless Steel,Stainless Steel,Sapphire,"6,8",https://static.vecteezy.com/system/resources/previews/019/006/431/original/iwc-abstract-technology-logo-design-on-white-background-iwc-creative-initials-letter-logo-concept-vector.jpg
IWC,Aquaracer,Stainless Steel,Stainless Steel,Sapphire,"2,6",https://static.vecteezy.com/system/resources/previews/019/006/431/original/iwc-abstract-technology-logo-design-on-white-background-iwc-creative-initials-letter-logo-concept-vector.jpg
IWC,Superocean Heritage,Stainless Steel,Leather,Sapphire,4400,https://static.vecteezy.com/system/resources/previews/019/006/431/original/iwc-abstract-technology-logo-design-on-white-background-iwc-creative-initials-letter-logo-concept-vector.jpg
IWC,Ballon Bleu,18k Rose Gold,Leather,Sapphire,13000,https://static.vecteezy.com/system/resources/previews/019/006/431/original/iwc-abstract-technology-logo-design-on-white-background-iwc-creative-initials-letter-logo-concept-vector.jpg
IWC,Master Control,Stainless Steel,Leather,Sapphire,7500,https://static.vecteezy.com/system/resources/previews/019/006/431/original/iwc-abstract-technology-logo-design-on-white-background-iwc-creative-initials-letter-logo-concept-vector.jpg
IWC,Black Bay GMT,Stainless Steel,Stainless Steel,Sapphire,4500,https://static.vecteezy.com/system/resources/previews/019/006/431/original/iwc-abstract-technology-logo-design-on-white-background-iwc-creative-initials-letter-logo-concept-vector.jpg
IWC,El Primero,Stainless Steel,Leather,Sapphire,6900,https://static.vecteezy.com/system/resources/previews/019/006/431/original/iwc-abstract-technology-logo-design-on-white-background-iwc-creative-initials-letter-logo-concept-vector.jpg
IWC,HydroConquest,Stainless Steel,Stainless Steel,Sapphire,1800,https://static.vecteezy.com/system/resources/previews/019/006/431/original/iwc-abstract-technology-logo-design-on-white-background-iwc-creative-initials-letter-logo-concept-vector.jpg
IWC,Divers Sixty-Five,Stainless Steel,Leather,Sapphire,1500,https://static.vecteezy.com/system/resources/previews/019/006/431/original/iwc-abstract-technology-logo-design-on-white-background-iwc-creative-initials-letter-logo-concept-vector.jpg
Jaeger-LeCoultre,Luminor,Stainless Steel,Leather,Sapphire,6400,https://1000logos.net/wp-content/uploads/2018/10/Jaeger-leCoultre-symbol.jpg
Jaeger-LeCoultre,Portugieser,Stainless Steel,Leather,Sapphire,8900,https://1000logos.net/wp-content/uploads/2018/10/Jaeger-leCoultre-symbol.jpg
Jaeger-LeCoultre,Royal Oak,Stainless Steel,Stainless Steel,Sapphire,20400,https://1000logos.net/wp-content/uploads/2018/10/Jaeger-leCoultre-symbol.jpg
Jaeger-LeCoultre,Overseas,Stainless Steel,Rubber,Sapphire,2200,https://1000logos.net/wp-content/uploads/2018/10/Jaeger-leCoultre-symbol.jpg
Jaeger-LeCoultre,Nautilus,Stainless Steel,Stainless Steel,Sapphire,62500,https://1000logos.net/wp-content/uploads/2018/10/Jaeger-leCoultre-symbol.jpg
Jaeger-LeCoultre,Fifty Fathoms,Stainless Steel,Canvas,Sapphire,14900,https://1000logos.net/wp-content/uploads/2018/10/Jaeger-leCoultre-symbol.jpg
Jaeger-LeCoultre,Mille Miglia,Stainless Steel,Leather,Sapphire,5900,https://1000logos.net/wp-content/uploads/2018/10/Jaeger-leCoultre-symbol.jpg
Jaeger-LeCoultre,Master Collection,Stainless Steel,Leather,Sapphire,1500,https://1000logos.net/wp-content/uploads/2018/10/Jaeger-leCoultre-symbol.jpg
Jaeger-LeCoultre,Heritage,Stainless Steel,Leather,Sapphire,2700,https://1000logos.net/wp-content/uploads/2018/10/Jaeger-leCoultre-symbol.jpg
Jaeger-LeCoultre,El Primero,Stainless Steel,Leather,Sapphire,6500,https://1000logos.net/wp-content/uploads/2018/10/Jaeger-leCoultre-symbol.jpg
Jaeger-LeCoultre,Datejust,Stainless Steel,Stainless Steel,Sapphire,7800,https://1000logos.net/wp-content/uploads/2018/10/Jaeger-leCoultre-symbol.jpg
Jaeger-LeCoultre,Speedmaster,Stainless Steel,Stainless Steel,Sapphire,5300,https://1000logos.net/wp-content/uploads/2018/10/Jaeger-leCoultre-symbol.jpg
Jaeger-LeCoultre,Monaco,Stainless Steel,Leather,Sapphire,5900,https://1000logos.net/wp-content/uploads/2018/10/Jaeger-leCoultre-symbol.jpg
Jaeger-LeCoultre,Superocean,Stainless Steel,Rubber,Sapphire,3800,https://1000logos.net/wp-content/uploads/2018/10/Jaeger-leCoultre-symbol.jpg
Jaeger-LeCoultre,Ballon Bleu,Stainless Steel,Stainless Steel,Sapphire,7500,https://1000logos.net/wp-content/uploads/2018/10/Jaeger-leCoultre-symbol.jpg
Jaeger-LeCoultre,Master Ultra Thin,Stainless Steel,Leather,Sapphire,6200,https://1000logos.net/wp-content/uploads/2018/10/Jaeger-leCoultre-symbol.jpg
Omega,Classique,18k White Gold,Leather,Sapphire,22500,https://t4.ftcdn.net/jpg/03/08/91/13/360_F_308911374_fGRIDIPYXi2UAn14huC25LcFgQIFoCjJ.jpg
Omega,Fifty Fathoms,Stainless Steel,Rubber,Sapphire,12500,https://t4.ftcdn.net/jpg/03/08/91/13/360_F_308911374_fGRIDIPYXi2UAn14huC25LcFgQIFoCjJ.jpg
Omega,Mille Miglia,Stainless Steel,Leather,Sapphire,6900,https://t4.ftcdn.net/jpg/03/08/91/13/360_F_308911374_fGRIDIPYXi2UAn14huC25LcFgQIFoCjJ.jpg
Omega,Luminor,Titanium,Leather,Sapphire,7500,https://t4.ftcdn.net/jpg/03/08/91/13/360_F_308911374_fGRIDIPYXi2UAn14huC25LcFgQIFoCjJ.jpg
Omega,Royal Oak,Stainless Steel,Stainless Steel,Sapphire,25000,https://t4.ftcdn.net/jpg/03/08/91/13/360_F_308911374_fGRIDIPYXi2UAn14huC25LcFgQIFoCjJ.jpg
Omega,Nautilus,Stainless Steel,Stainless Steel,Sapphire,70000,https://t4.ftcdn.net/jpg/03/08/91/13/360_F_308911374_fGRIDIPYXi2UAn14huC25LcFgQIFoCjJ.jpg
Omega,Pilot's Watch,Stainless Steel,Leather,Sapphire,5500,https://t4.ftcdn.net/jpg/03/08/91/13/360_F_308911374_fGRIDIPYXi2UAn14huC25LcFgQIFoCjJ.jpg
Omega,Fifty Fathoms,Titanium,Fabric,Sapphire,12000,https://t4.ftcdn.net/jpg/03/08/91/13/360_F_308911374_fGRIDIPYXi2UAn14huC25LcFgQIFoCjJ.jpg
Omega,Marine,Stainless Steel,Rubber,Sapphire,7500,https://t4.ftcdn.net/jpg/03/08/91/13/360_F_308911374_fGRIDIPYXi2UAn14huC25LcFgQIFoCjJ.jpg
Omega,Classique,Rose Gold,Leather,Sapphire,20000,https://t4.ftcdn.net/jpg/03/08/91/13/360_F_308911374_fGRIDIPYXi2UAn14huC25LcFgQIFoCjJ.jpg
Omega,Laureato,Stainless Steel,Stainless Steel,Sapphire,8500,https://t4.ftcdn.net/jpg/03/08/91/13/360_F_308911374_fGRIDIPYXi2UAn14huC25LcFgQIFoCjJ.jpg
Omega,Big Bang,Ceramic,Rubber,Sapphire,12000,https://t4.ftcdn.net/jpg/03/08/91/13/360_F_308911374_fGRIDIPYXi2UAn14huC25LcFgQIFoCjJ.jpg
Patek Philippe,Aquaracer,Stainless Steel,Stainless Steel,Sapphire,3100,https://wallpapers.com/images/hd/patek-philippe-logo-on-black-b2yoz6pbij1u2fvl.jpg,
Patek Philippe,Superocean,Stainless Steel,Rubber,Sapphire,"4100",https://wallpapers.com/images/hd/patek-philippe-logo-on-black-b2yoz6pbij1u2fvl.jpg
Patek Philippe,Luminor Marina,Stainless Steel,Leather,Sapphire,"6500",https://wallpapers.com/images/hd/patek-philippe-logo-on-black-b2yoz6pbij1u2fvl.jpg
Patek Philippe,Black Bay,Stainless Steel,Leather,Sapphire,"3800",https://wallpapers.com/images/hd/patek-philippe-logo-on-black-b2yoz6pbij1u2fvl.jpg
Patek Philippe,Elite Classic,Stainless Steel,Leather,Sapphire,"4900",https://wallpapers.com/images/hd/patek-philippe-logo-on-black-b2yoz6pbij1u2fvl.jpg
Patek Philippe,Conquest Classic,Stainless Steel,Leather,Sapphire,"18500",https://wallpapers.com/images/hd/patek-philippe-logo-on-black-b2yoz6pbij1u2fvl.jpg
Patek Philippe,Star Legacy,Stainless Steel,Leather,Sapphire,"3900",https://wallpapers.com/images/hd/patek-philippe-logo-on-black-b2yoz6pbij1u2fvl.jpg
Patek Philippe,Clifton Baumatic,Stainless Steel,Leather,Sapphire,"27500",https://wallpapers.com/images/hd/patek-philippe-logo-on-black-b2yoz6pbij1u2fvl.jpg
Patek Philippe,Datejust,Stainless Steel,Jubilee Bracelet,Sapphire,"9500",https://wallpapers.com/images/hd/patek-philippe-logo-on-black-b2yoz6pbij1u2fvl.jpg
Patek Philippe,Speedmaster Moonwatch,Stainless Steel,Stainless Steel,Hesalite,"53500",https://wallpapers.com/images/hd/patek-philippe-logo-on-black-b2yoz6pbij1u2fvl.jpg
Patek Philippe,Superocean Heritage,Stainless Steel,Stainless Steel,Sapphire,"32500",https://wallpapers.com/images/hd/patek-philippe-logo-on-black-b2yoz6pbij1u2fvl.jpg
Patek Philippe,Santos-Dumont,18K Yellow Gold,Leather,Sapphire,"14200",https://wallpapers.com/images/hd/patek-philippe-logo-on-black-b2yoz6pbij1u2fvl.jpg
Patek Philippe,Monaco,Stainless Steel,Leather,Sapphire,"49500",https://wallpapers.com/images/hd/patek-philippe-logo-on-black-b2yoz6pbij1u2fvl.jpg
Patek Philippe,Master Control,Stainless Steel,Leather,Sapphire,"6500",https://wallpapers.com/images/hd/patek-philippe-logo-on-black-b2yoz6pbij1u2fvl.jpg
Rolex,Fifty Fathoms,Stainless Steel,Fabric,Sapphire,1100,https://www.gentry.ph/cdn/shop/collections/1.jpg?v=1714383069
Rolex,Mille Miglia,Stainless Steel,Leather,Sapphire,600,https://www.gentry.ph/cdn/shop/collections/1.jpg?v=1714383070
Rolex,Datejust,Stainless Steel,Stainless Steel,Sapphire,"7500",https://www.gentry.ph/cdn/shop/collections/1.jpg?v=1714383071
Rolex,Speedmaster,Stainless Steel,Stainless Steel,Sapphire,"6500",https://www.gentry.ph/cdn/shop/collections/1.jpg?v=1714383072
Rolex,Aquaracer,Stainless Steel,Stainless Steel,Sapphire,"3700",https://www.gentry.ph/cdn/shop/collections/1.jpg?v=1714383073
Rolex,Superocean,Stainless Steel,Rubber,Sapphire,"4500",https://www.gentry.ph/cdn/shop/collections/1.jpg?v=1714383074
Rolex,Ballon Bleu,Stainless Steel,Stainless Steel,Sapphire,"7500",https://www.gentry.ph/cdn/shop/collections/1.jpg?v=1714383075
Rolex,Master Control,Stainless Steel,Leather,Sapphire,600,https://www.gentry.ph/cdn/shop/collections/1.jpg?v=1714383076
Rolex,GMT-Master II,Stainless Steel,Stainless Steel,Sapphire,"9500",https://www.gentry.ph/cdn/shop/collections/1.jpg?v=1714383077
Rolex,Constellation,Stainless Steel,Stainless Steel,Sapphire,"4800",https://www.gentry.ph/cdn/shop/collections/1.jpg?v=1714383078
Rolex,Monaco,Stainless Steel,Leather,Sapphire,"5200",https://www.gentry.ph/cdn/shop/collections/1.jpg?v=1714383079
Rolex,Chronomat,Stainless Steel,Stainless Steel,Sapphire,"6900",https://www.gentry.ph/cdn/shop/collections/1.jpg?v=1714383080
Rolex,Santos,Stainless Steel,Stainless Steel,Sapphire,"5500",https://www.gentry.ph/cdn/shop/collections/1.jpg?v=1714383081
Rolex,Datejust,Stainless Steel,Stainless Steel,Sapphire,800,https://www.gentry.ph/cdn/shop/collections/1.jpg?v=1714383082
Rolex,Nautilus,Stainless Steel,Stainless Steel,Sapphire,4000,https://www.gentry.ph/cdn/shop/collections/1.jpg?v=1714383083
Rolex,Royal Oak,Stainless Steel,Stainless Steel,Sapphire,1800,https://www.gentry.ph/cdn/shop/collections/1.jpg?v=1714383084
Rolex,Portugieser,Stainless Steel,Leather,Sapphire,"7500",https://www.gentry.ph/cdn/shop/collections/1.jpg?v=1714383085
Rolex,Big Bang,Titanium,Rubber,Sapphire,1400,https://www.gentry.ph/cdn/shop/collections/1.jpg?v=1714383086
Rolex,Fifty Fathoms,Stainless Steel,Canvas,Sapphire,1400,https://www.gentry.ph/cdn/shop/collections/1.jpg?v=1714383087
Tag Heuer,Classic Fusion,Titanium,Rubber,Sapphire,"8100",https://wildgraphicsco.com/cdn/shop/files/wild-graphics-sticker-adhesivo-logo-tag-heuer_grande.jpg?v=1688592453
Tag Heuer,Pilot's Watch Mark XVIII,Stainless Steel,Leather,Sapphire,"3900",https://wildgraphicsco.com/cdn/shop/files/wild-graphics-sticker-adhesivo-logo-tag-heuer_grande.jpg?v=1688592454
Tag Heuer,Saxonia,Rose Gold,Leather,Sapphire,"23300",https://wildgraphicsco.com/cdn/shop/files/wild-graphics-sticker-adhesivo-logo-tag-heuer_grande.jpg?v=1688592455
Tag Heuer,Classique,Rose Gold,Leather,Sapphire,"23200",https://wildgraphicsco.com/cdn/shop/files/wild-graphics-sticker-adhesivo-logo-tag-heuer_grande.jpg?v=1688592456
Tag Heuer,Mille Miglia,Stainless Steel,Leather,Sapphire,"6300",https://wildgraphicsco.com/cdn/shop/files/wild-graphics-sticker-adhesivo-logo-tag-heuer_grande.jpg?v=1688592457
Tag Heuer,El Primero,Stainless Steel,Leather,Sapphire,"5600",https://wildgraphicsco.com/cdn/shop/files/wild-graphics-sticker-adhesivo-logo-tag-heuer_grande.jpg?v=1688592458
Tag Heuer,Luminor,Titanium,Leather,Sapphire,"6900",https://wildgraphicsco.com/cdn/shop/files/wild-graphics-sticker-adhesivo-logo-tag-heuer_grande.jpg?v=1688592459
Tag Heuer,Daytona,Stainless Steel,Stainless Steel,Sapphire,"13500",https://wildgraphicsco.com/cdn/shop/files/wild-graphics-sticker-adhesivo-logo-tag-heuer_grande.jpg?v=1688592460
Tag Heuer,Speedmaster,Stainless Steel,Stainless Steel,Hesalite,"4500",https://wildgraphicsco.com/cdn/shop/files/wild-graphics-sticker-adhesivo-logo-tag-heuer_grande.jpg?v=1688592461
Tag Heuer,Santos,Stainless Steel,Leather,Sapphire,"6600",https://wildgraphicsco.com/cdn/shop/files/wild-graphics-sticker-adhesivo-logo-tag-heuer_grande.jpg?v=1688592462
Tag Heuer,Superocean Heritage,Stainless Steel,Leather,Sapphire,"4400",https://wildgraphicsco.com/cdn/shop/files/wild-graphics-sticker-adhesivo-logo-tag-heuer_grande.jpg?v=1688592463
Tag Heuer,Aquaracer,Stainless Steel,Stainless Steel,Sapphire,"2800",https://wildgraphicsco.com/cdn/shop/files/wild-graphics-sticker-adhesivo-logo-tag-heuer_grande.jpg?v=1688592464
Tag Heuer,Master Ultra Thin,Stainless Steel,Leather,Sapphire,"6300",https://wildgraphicsco.com/cdn/shop/files/wild-graphics-sticker-adhesivo-logo-tag-heuer_grande.jpg?v=1688592465
Vacheron Constantin,Polo,Stainless Steel,Stainless Steel,Sapphire,"10500",https://carreracollection.com/wp-content/uploads/2023/02/Relojes-Vacheron-Constantin.jpg
Vacheron Constantin,Nautilus,Stainless Steel,Stainless Steel,Sapphire,2900,https://carreracollection.com/wp-content/uploads/2023/02/Relojes-Vacheron-Constantin.jpg
Vacheron Constantin,Royal Oak,Rose Gold,Leather,Sapphire,"38500",https://carreracollection.com/wp-content/uploads/2023/02/Relojes-Vacheron-Constantin.jpg
Vacheron Constantin,Classic Fusion,Titanium,Rubber,Sapphire,"7500",https://carreracollection.com/wp-content/uploads/2023/02/Relojes-Vacheron-Constantin.jpg
Vacheron Constantin,Classique,Rose Gold,Leather,Sapphire,2500,https://carreracollection.com/wp-content/uploads/2023/02/Relojes-Vacheron-Constantin.jpg
Vacheron Constantin,Pilot's Watch,Stainless Steel,Leather,Sapphire,"5900",https://carreracollection.com/wp-content/uploads/2023/02/Relojes-Vacheron-Constantin.jpg
Vacheron Constantin,Fifty Fathoms,Stainless Steel,NATO Strap,Sapphire,1200,https://carreracollection.com/wp-content/uploads/2023/02/Relojes-Vacheron-Constantin.jpg
Vacheron Constantin,El Primero,Stainless Steel,Leather,Sapphire,"6200",https://carreracollection.com/wp-content/uploads/2023/02/Relojes-Vacheron-Constantin.jpg
Vacheron Constantin,Mille Miglia,Stainless Steel,Rubber,Sapphire,"6800",https://carreracollection.com/wp-content/uploads/2023/02/Relojes-Vacheron-Constantin.jpg
Vacheron Constantin,Patrimony,White Gold,Leather,Sapphire,2800,https://carreracollection.com/wp-content/uploads/2023/02/Relojes-Vacheron-Constantin.jpg
Vacheron Constantin,Luminor,Titanium,Leather,Sapphire,"9500",https://carreracollection.com/wp-content/uploads/2023/02/Relojes-Vacheron-Constantin.jpg
Vacheron Constantin,Black Bay,Stainless Steel,NATO Strap,Sapphire,"3500",https://carreracollection.com/wp-content/uploads/2023/02/Relojes-Vacheron-Constantin.jpg
Vacheron Constantin,Luminor Marina,Stainless Steel,Leather,Sapphire,"7200",https://carreracollection.com/wp-content/uploads/2023/02/Relojes-Vacheron-Constantin.jpg
Vacheron Constantin,Portugieser,Stainless Steel,Leather,Sapphire,"7900",https://carreracollection.com/wp-content/uploads/2023/02/Relojes-Vacheron-Constantin.jpg
Vacheron Constantin,Nautilus,Stainless Steel,Stainless Steel,Sapphire,3600,https://carreracollection.com/wp-content/uploads/2023/02/Relojes-Vacheron-Constantin.jpg
Vacheron Constantin,Royal Oak,Stainless Steel,Stainless Steel,Sapphire,"28500",https://carreracollection.com/wp-content/uploads/2023/02/Relojes-Vacheron-Constantin.jpg
Vacheron Constantin,Fifty Fathoms,Stainless Steel,Canvas,Sapphire,1500,https://carreracollection.com/wp-content/uploads/2023/02/Relojes-Vacheron-Constantin.jpg